"w1","w2","loss"
0.7,0.2,0.00289323373192414
0.705,0.2,0.00279656227326245
0.71,0.2,0.00271175061961198
0.715,0.2,0.00263868674673386
0.72,0.2,0.00257725893445888
0.725,0.2,0.00252735577528218
0.73,0.2,0.00248886618272593
0.735,0.2,0.00246167939947422
0.74,0.2,0.00244568500528426
0.745,0.2,0.0024407729246781
0.75,0.2,0.00244683343441885
0.755,0.2,0.00246375717077564
0.76,0.2,0.0024914351365812
0.765,0.2,0.00252975870808625
0.77,0.2,0.00257861964161457
0.775,0.2,0.0026379100800228
0.78,0.2,0.00270752255896878
0.785,0.2,0.00278735001299252
0.79,0.2,0.00287728578141329
0.795,0.2,0.00297722361404718
0.8,0.2,0.00308705767674818
0.805,0.2,0.00320668255677724
0.81,0.2,0.00333599326800234
0.815,0.2,0.00347488525593363
0.82,0.2,0.00362325440259698
0.825,0.2,0.00378099703124954
0.83,0.2,0.00394800991094074
0.835,0.2,0.0041241902609222
0.84,0.2,0.00430943575490987
0.845,0.2,0.00450364452520165
0.85,0.2,0.00470671516665396
0.855,0.2,0.00491854674052009
0.86,0.2,0.00513903877815392
0.865,0.2,0.00536809128458165
0.87,0.2,0.00560560474194494
0.875,0.2,0.00585148011281812
0.88,0.2,0.00610561884340271
0.885,0.2,0.00636792286660171
0.89,0.2,0.0066382946049769
0.895,0.2,0.00691663697359146
0.9,0.2,0.00720285338274095
0.7,0.20625,0.00279364853376272
0.705,0.20625,0.0026896256998503
0.71,0.20625,0.00259748124851522
0.715,0.20625,0.00251710402876111
0.72,0.20625,0.00244838318527114
0.725,0.20625,0.00239120816682715
0.73,0.20625,0.00234546873450192
0.735,0.20625,0.00231105496962878
0.74,0.20625,0.00228785728155264
0.745,0.20625,0.00227576641516658
0.75,0.20625,0.00227467345823815
0.755,0.20625,0.00228446984852942
0.76,0.20625,0.00230504738071477
0.765,0.20625,0.00233629821310057
0.77,0.20625,0.00237811487415052
0.775,0.20625,0.00243039026882086
0.78,0.20625,0.00249301768470908
0.785,0.20625,0.00256589079802018
0.79,0.20625,0.00264890367935422
0.795,0.20625,0.00274195079931898
0.8,0.20625,0.00284492703397139
0.805,0.20625,0.0029577276700915
0.81,0.20625,0.00308024841029254
0.815,0.20625,0.00321238537797075
0.82,0.20625,0.0033540351220984
0.825,0.20625,0.00350509462186359
0.83,0.20625,0.00366546129116016
0.835,0.20625,0.00383503298293119
0.84,0.20625,0.00401370799336931
0.845,0.20625,0.0042013850659771
0.85,0.20625,0.00439796339549089
0.855,0.20625,0.00460334263167091
0.86,0.20625,0.00481742288296115
0.865,0.20625,0.00504010472002166
0.87,0.20625,0.00527128917913655
0.875,0.20625,0.00551087776550035
0.88,0.20625,0.00575877245638591
0.885,0.20625,0.00601487570419618
0.89,0.20625,0.00627909043940321
0.895,0.20625,0.00655132007337637
0.9,0.20625,0.00683146850110312
0.7,0.2125,0.00270642157370848
0.705,0.2125,0.00259497955009127
0.71,0.2125,0.00249543373913314
0.715,0.2125,0.00240767387549522
0.72,0.2125,0.00233158998119641
0.725,0.2125,0.00226707237385403
0.73,0.2125,0.00221401167470263
0.735,0.2125,0.00217229881639517
0.74,0.2125,0.00214182505059086
0.745,0.2125,0.00212248195533359
0.75,0.2125,0.00211416144222513
0.755,0.2125,0.00211675576339721
0.76,0.2125,0.00213015751828645
0.765,0.2125,0.00215425966021615
0.77,0.2125,0.00218895550278888
0.775,0.2125,0.0022341387260939
0.78,0.2125,0.00228970338273315
0.785,0.2125,0.00235554390366978
0.79,0.2125,0.00243155510390287
0.795,0.2125,0.00251763218797226
0.8,0.2125,0.00261367075529707
0.805,0.2125,0.00271956680535162
0.81,0.2125,0.00283521674268229
0.815,0.2125,0.00296051738176896
0.82,0.2125,0.00309536595173452
0.825,0.2125,0.00323966010090571
0.83,0.2125,0.00339329790122902
0.835,0.2125,0.00355617785254462
0.84,0.2125,0.0037281988867219
0.845,0.2125,0.00390926037165958
0.85,0.2125,0.00409926211515382
0.855,0.2125,0.00429810436863712
0.86,0.2125,0.0045056878307914
0.865,0.2125,0.00472191365103792
0.87,0.2125,0.00494668343290725
0.875,0.2125,0.00517989923729186
0.88,0.2125,0.00542146358558452
0.885,0.2125,0.00567127946270481
0.89,0.2125,0.00592925032001683
0.895,0.2125,0.00619528007814045
0.9,0.2125,0.0064692731296589
0.7,0.21875,0.00263162701622076
0.705,0.21875,0.00251269925497793
0.71,0.21875,0.00240568477214784
0.715,0.21875,0.00231047420028744
0.72,0.21875,0.00222695845106403
0.725,0.21875,0.00215502872331434
0.73,0.21875,0.00209457651088678
0.735,0.21875,0.00204549361027133
0.74,0.21875,0.00200767212802094
0.745,0.21875,0.00198100448796882
0.75,0.21875,0.00196538343824546
0.755,0.21875,0.00196070205809965
0.76,0.21875,0.00196685376452739
0.765,0.21875,0.00198373231871274
0.77,0.21875,0.00201123183228451
0.775,0.21875,0.0020492467733928
0.78,0.21875,0.00209767197260916
0.785,0.21875,0.00215640262865415
0.79,0.21875,0.00222533431395625
0.795,0.21875,0.00230436298004568
0.8,0.21875,0.00239338496278686
0.805,0.21875,0.00249229698745316
0.81,0.21875,0.0026009961736475
0.815,0.21875,0.00271938004007226
0.82,0.21875,0.00284734650915209
0.825,0.21875,0.00298479391151287
0.83,0.21875,0.00313162099032033
0.835,0.21875,0.0032877269054815
0.84,0.21875,0.00345301123771228
0.845,0.21875,0.00362737399247433
0.85,0.21875,0.00381071560378433
0.855,0.21875,0.00400293693789872
0.86,0.21875,0.00420393929687693
0.865,0.21875,0.00441362442202601
0.87,0.21875,0.00463189449722948
0.875,0.21875,0.00485865215216337
0.88,0.21875,0.00509380046540205
0.885,0.21875,0.00533724296741664
0.89,0.21875,0.0055888836434686
0.895,0.21875,0.00584862693640105
0.9,0.21875,0.00611637774933044
0.7,0.225,0.0025693372618501
0.705,0.225,0.00244285850540169
0.71,0.225,0.00232830931218316
0.715,0.225,0.00222558122470131
0.72,0.225,0.00213456605640602
0.725,0.225,0.00205515589956463
0.73,0.225,0.00198724313292482
0.735,0.225,0.00193072042916996
0.74,0.225,0.00188548076217125
0.745,0.225,0.00185141741404062
0.75,0.225,0.00182842398198861
0.755,0.225,0.0018163943849912
0.76,0.225,0.0018152228702696
0.765,0.225,0.00182480401958708
0.77,0.225,0.00184503275536664
0.775,0.225,0.00187580434663354
0.78,0.225,0.00191701441478642
0.785,0.225,0.00196855893920095
0.79,0.225,0.00203033426266959
0.795,0.225,0.00210223709668137
0.8,0.225,0.00218416452654511
0.805,0.225,0.00227601401635993
0.81,0.225,0.00237768341383633
0.815,0.225,0.00248907095497155
0.82,0.225,0.00261007526858249
0.825,0.225,0.00274059538069969
0.83,0.225,0.00288053071882557
0.835,0.225,0.00302978111606023
0.84,0.225,0.00318824681509803
0.845,0.225,0.0033558284720981
0.85,0.225,0.00353242716043177
0.855,0.225,0.00371794437430999
0.86,0.225,0.00391228203229377
0.865,0.225,0.00411534248069034
0.87,0.225,0.00432702849683808
0.875,0.225,0.00454724329228282
0.88,0.225,0.00477589051584826
0.885,0.225,0.00501287425660327
0.89,0.225,0.00525809904672842
0.895,0.225,0.00551146986428453
0.9,0.225,0.00577289213588547
0.7,0.23125,0.00251962291379447
0.705,0.23125,0.00238552921834898
0.71,0.23125,0.00226338057365202
0.715,0.23125,0.00215306944402237
0.72,0.23125,0.00205448855664036
0.725,0.23125,0.00196753090923485
0.73,0.23125,0.00189208977756355
0.735,0.23125,0.00182805872269096
0.74,0.23125,0.00177533159806813
0.745,0.23125,0.00173380255641822
0.75,0.23125,0.00170336605643209
0.755,0.23125,0.00168391686927792
0.76,0.23125,0.00167535008492877
0.765,0.23125,0.00167756111831231
0.77,0.23125,0.0016904457152863
0.775,0.23125,0.00171389995844404
0.78,0.23125,0.00174782027275334
0.785,0.23125,0.00179210343103303
0.79,0.23125,0.00184664655927053
0.795,0.23125,0.00191134714178435
0.8,0.23125,0.00198610302623501
0.805,0.23125,0.00207081242848803
0.81,0.23125,0.00216537393733247
0.815,0.23125,0.00226968651905849
0.82,0.23125,0.00238364952189733
0.825,0.23125,0.00250716268032701
0.83,0.23125,0.00264012611924719
0.835,0.23125,0.00278244035802609
0.84,0.23125,0.00293400631442306
0.845,0.23125,0.00309472530838946
0.85,0.23125,0.00326449906575124
0.855,0.23125,0.00344322972177592
0.86,0.23125,0.00363081982462714
0.865,0.23125,0.00382717233870932
0.87,0.23125,0.00403219064790559
0.875,0.23125,0.00424577855871125
0.88,0.23125,0.00446784030326594
0.885,0.23125,0.00469828054228659
0.89,0.23125,0.00493700436790416
0.895,0.23125,0.00518391730640623
0.9,0.23125,0.00543892532088819
0.7,0.2375,0.00248255274498542
0.705,0.2375,0.00234078150361156
0.71,0.2375,0.00221096998710209
0.715,0.2375,0.00209301159325018
0.72,0.2375,0.00198679997472074
0.725,0.2375,0.0018922290465469
0.73,0.2375,0.00180919299342491
0.735,0.2375,0.00173758627681167
0.74,0.2375,0.00167730364182908
0.745,0.2375,0.00162824012397925
0.75,0.2375,0.00159029105567479
0.755,0.2375,0.00156335207258805
0.76,0.2375,0.00154731911982357
0.765,0.2375,0.00154208845791738
0.77,0.2375,0.00154755666866738
0.775,0.2375,0.00156362066079848
0.78,0.2375,0.00159017767546632
0.785,0.2375,0.0016271252916035
0.79,0.2375,0.0016743614311118
0.795,0.2375,0.0017317843639043
0.8,0.2375,0.00179929271280072
0.805,0.2375,0.00187678545827987
0.81,0.2375,0.00196416194309238
0.815,0.2375,0.00206132187673729
0.82,0.2375,0.00216816533980596
0.825,0.2375,0.00228459278819636
0.83,0.2375,0.00241050505720125
0.835,0.2375,0.00254580336547325
0.84,0.2375,0.00269038931887001
0.845,0.2375,0.00284416491418253
0.85,0.2375,0.00300703254274963
0.855,0.2375,0.00317889499396136
0.86,0.2375,0.0033596554586546
0.865,0.2375,0.00354921753240307
0.87,0.2375,0.00374748521870511
0.875,0.2375,0.0039543629320714
0.88,0.2375,0.00416975550101557
0.885,0.2375,0.00439356817095
0.89,0.2375,0.00462570660698953
0.895,0.2375,0.00486607689666524
0.9,0.2375,0.00511458555255093
0.7,0.24375,0.0024581936657263
0.705,0.24375,0.00230868363103339
0.71,0.24375,0.00217114716608208
0.715,0.24375,0.00204547861359531
0.72,0.24375,0.00193157256327519
0.725,0.24375,0.00182932385910621
0.73,0.24375,0.00173862760646172
0.735,0.24375,0.0016593791790181
0.74,0.24375,0.00159147422548073
0.745,0.24375,0.00153480867612586
0.75,0.24375,0.00148927874916256
0.755,0.24375,0.00145478095691861
0.76,0.24375,0.0014312121118546
0.765,0.24375,0.00141846933240995
0.77,0.24375,0.00141645004868491
0.775,0.24375,0.00142505200796236
0.78,0.24375,0.00144417328007315
0.785,0.24375,0.00147371226260891
0.79,0.24375,0.00151356768598574
0.795,0.24375,0.00156363861836277
0.8,0.24375,0.00162382447041891
0.805,0.24375,0.00169402499999135
0.81,0.24375,0.00177414031657944
0.815,0.24375,0.00186407088571721
0.82,0.24375,0.0019637175332178
0.825,0.24375,0.00207298144929332
0.83,0.24375,0.00219176419255315
0.835,0.24375,0.00231996769388386
0.84,0.24375,0.00245749426021398
0.845,0.24375,0.00260424657816642
0.85,0.24375,0.00276012771760173
0.855,0.24375,0.00292504113505483
0.86,0.24375,0.00309889067706835
0.865,0.24375,0.00328158058342504
0.87,0.24375,0.00347301549028212
0.875,0.24375,0.00367310043321021
0.88,0.24375,0.00388174085013923
0.885,0.24375,0.00409884258421401
0.89,0.24375,0.00432431188656185
0.895,0.24375,0.00455805541897451
0.9,0.24375,0.00479998025650685
0.7,0.25,0.00244661069190486
0.705,0.25,0.00228930199831624
0.71,0.25,0.00214397987455143
0.715,0.25,0.00201053961950386
0.72,0.25,0.00188887677125662
0.725,0.25,0.00177888711418935
0.73,0.25,0.00168046668589347
0.735,0.25,0.00159351178390009
0.74,0.25,0.00151791897222466
0.745,0.25,0.00145358508773251
0.75,0.25,0.00140040724632941
0.755,0.25,0.0013582828489812
0.76,0.25,0.00132710958756641
0.765,0.25,0.00130678545056594
0.77,0.25,0.00129720872859365
0.775,0.25,0.00129827801977165
0.78,0.25,0.00130989223495421
0.785,0.25,0.00133195060280393
0.79,0.25,0.00136435267472387
0.795,0.25,0.00140699832964931
0.8,0.25,0.00145978777870268
0.805,0.25,0.00152262156971512
0.81,0.25,0.00159540059161818
0.815,0.25,0.00167802607870902
0.82,0.25,0.00177039961479237
0.825,0.25,0.00187242313720255
0.83,0.25,0.00198399894070881
0.835,0.25,0.00210502968130688
0.84,0.25,0.00223541837990007
0.845,0.25,0.00237506842587268
0.85,0.25,0.00252388358055877
0.855,0.25,0.00268176798060907
0.86,0.25,0.00284862614125891
0.865,0.25,0.0030243629594997
0.87,0.25,0.00320888371715691
0.875,0.25,0.0034020940838768
0.88,0.25,0.00360390012002474
0.885,0.25,0.00381420827949724
0.89,0.25,0.00403292541245043
0.895,0.25,0.00425995876794701
0.9,0.25,0.00449521599652412
0.7,0.25625,0.00244786691380215
0.705,0.25625,0.00228270109940639
0.71,0.25625,0.00212953399485542
0.715,0.25625,0.00198826186623206
0.72,0.25625,0.00185878121112769
0.725,0.25625,0.00174098876555013
0.73,0.25625,0.00163478151064476
0.735,0.25625,0.0015400566792333
0.74,0.25625,0.00145671176217411
0.745,0.25625,0.00138464451454859
0.75,0.25625,0.00132375296167734
0.755,0.25625,0.00127393540497048
0.76,0.25625,0.00123509042761583
0.765,0.25625,0.00120711690010921
0.77,0.25625,0.00118991398563049
0.775,0.25625,0.00118338114526937
0.78,0.25625,0.00118741814310466
0.785,0.25625,0.00120192505114074
0.79,0.25625,0.00122680225410499
0.795,0.25625,0.00126195045410957
0.8,0.25625,0.00130727067518142
0.805,0.25625,0.00136266426766359
0.81,0.25625,0.00142803291249168
0.815,0.25625,0.00150327862534846
0.82,0.25625,0.00158830376070014
0.825,0.25625,0.00168301101571745
0.83,0.25625,0.0017873034340846
0.835,0.25625,0.00190108440969944
0.84,0.25625,0.00202425769026757
0.845,0.25625,0.00215672738079349
0.85,0.25625,0.00229839794697177
0.855,0.25625,0.0024491742184808
0.86,0.25625,0.00260896139218217
0.865,0.25625,0.00277766503522801
0.87,0.25625,0.00295519108807937
0.875,0.25625,0.00314144586743759
0.88,0.25625,0.00333633606909181
0.885,0.25625,0.00353976877068431
0.89,0.25625,0.00375165143439673
0.895,0.25625,0.00397189190955883
0.9,0.25625,0.00420039843518246
0.7,0.2625,0.0024620234655193
0.705,0.2625,0.00228894349348406
0.71,0.2625,0.00212787349628802
0.715,0.2625,0.001978710717993
0.72,0.2625,0.00184135262660232
0.725,0.2625,0.00171569692076687
0.73,0.2625,0.00160164153630933
0.735,0.2625,0.00149908465257087
0.74,0.2625,0.00140792469858443
0.745,0.2625,0.00132806035907887
0.75,0.2625,0.00125939058031792
0.755,0.2625,0.00120181457577815
0.76,0.2625,0.00115523183166977
0.765,0.2625,0.00111954211230448
0.77,0.2625,0.00109464546531395
0.775,0.2625,0.00108044222672301
0.78,0.2625,0.00107683302588124
0.785,0.2625,0.00108371879025663
0.79,0.2625,0.00110100075009506
0.795,0.2625,0.0011285804429491
0.8,0.2625,0.00116635971807978
0.805,0.2625,0.00121424074073463
0.81,0.2625,0.0012721259963056
0.815,0.2625,0.00133991829436992
0.82,0.2625,0.00141752077261747
0.825,0.2625,0.00150483690066762
0.83,0.2625,0.00160177048377879
0.835,0.2625,0.0017082256664537
0.84,0.2625,0.00182410693594347
0.845,0.2625,0.00194931912565324
0.85,0.2625,0.00208376741845239
0.855,0.2625,0.00222735734989202
0.86,0.2625,0.00237999481133242
0.865,0.2625,0.00254158605298318
0.87,0.2625,0.00271203768685856
0.875,0.2625,0.00289125668965051
0.88,0.2625,0.00307915040552189
0.885,0.2625,0.00327562654882217
0.89,0.2625,0.00348059320672796
0.895,0.2625,0.0036939588418106
0.9,0.2625,0.00391563229453295
0.7,0.26875,0.0024891394950437
0.705,0.26875,0.0023080897745773
0.71,0.26875,0.00213906040426391
0.715,0.26875,0.00198194961669754
0.72,0.26875,0.00183665586096614
0.725,0.26875,0.00170307780915309
0.73,0.26875,0.00158111436266171
0.735,0.26875,0.00147066465836717
0.74,0.26875,0.00137162807459984
0.745,0.26875,0.00128390423696437
0.75,0.26875,0.00120739302399848
0.755,0.26875,0.00114199457267564
0.76,0.26875,0.00108760928375559
0.765,0.26875,0.00104413782698667
0.77,0.26875,0.00101148114616377
0.775,0.26875,0.000989540464045862
0.78,0.26875,0.000978217287136789
0.785,0.26875,0.000977413410333056
0.79,0.26875,0.000987030921442269
0.795,0.26875,0.00100697220557578
0.8,0.26875,0.0010371399494191
0.805,0.26875,0.00107743714538347
0.81,0.26875,0.001127767095642
0.815,0.26875,0.0011880334160537
0.82,0.26875,0.00125814003997864
0.825,0.26875,0.00133799122198735
0.83,0.26875,0.00142749154146773
0.835,0.26875,0.00152654590613221
0.84,0.26875,0.00163505955542849
0.845,0.26875,0.00175293806385644
0.85,0.26875,0.00188008734419413
0.855,0.26875,0.00201641365063569
0.86,0.26875,0.00216182358184376
0.865,0.26875,0.00231622408391896
0.87,0.26875,0.00247952245328911
0.875,0.26875,0.00265162633952051
0.88,0.26875,0.00283244374805383
0.885,0.26875,0.00302188304286671
0.89,0.26875,0.00321985294906559
0.895,0.26875,0.00342626255540872
0.9,0.26875,0.00364102131676262
0.7,0.275,0.00252927213497564
0.705,0.275,0.00234019854182171
0.71,0.275,0.00216315477012151
0.715,0.275,0.00199804005131108
0.72,0.275,0.00184475382599755
0.725,0.275,0.0017031957502535
0.73,0.275,0.00157326570173903
0.735,0.275,0.00145486378565612
0.74,0.275,0.00134789034053927
0.745,0.275,0.0012522459438866
0.75,0.275,0.00116783141763572
0.755,0.275,0.00109454783348825
0.76,0.275,0.00103229651808697
0.765,0.275,0.000980979058049774
0.77,0.275,0.000940497304864103
0.775,0.275,0.000910753379645735
0.78,0.275,0.000891649677765781
0.785,0.275,0.000883088873349505
0.79,0.275,0.000884973923650617
0.795,0.275,0.000897208073304649
0.8,0.275,0.000919694858464862
0.805,0.275,0.000952338110824169
0.81,0.275,0.000995041961526377
0.815,0.275,0.0010477108449701
0.82,0.275,0.00111024950250854
0.825,0.275,0.00118256298604826
0.83,0.275,0.00126455666155009
0.835,0.275,0.00135613621243507
0.84,0.275,0.00145720764289853
0.845,0.275,0.00156767728113497
0.85,0.275,0.00168745178247666
0.855,0.275,0.00181643813244863
0.86,0.275,0.00195454364974276
0.865,0.275,0.00210167598911336
0.87,0.275,0.002257743144197
0.875,0.275,0.00242265345025876
0.88,0.275,0.00259631558686743
0.885,0.275,0.0027786385805019
0.89,0.275,0.00296953180709086
0.895,0.275,0.00316890499448811
0.9,0.275,0.00337666822488542
0.7,0.28125,0.00258247647393609
0.705,0.28125,0.00238532637038664
0.71,0.28125,0.00220021464157801
0.715,0.28125,0.00202704152784759
0.72,0.28125,0.00186570747151117
0.725,0.28125,0.00171611312294738
0.73,0.28125,0.00157815934651487
0.735,0.28125,0.00145174722630623
0.74,0.28125,0.00133677807174322
0.745,0.28125,0.00123315342301724
0.75,0.28125,0.0011407750563793
0.755,0.28125,0.00105954498928352
0.76,0.28125,0.000989365485388148
0.765,0.28125,0.000930139059418101
0.77,0.28125,0.000881768481892906
0.775,0.28125,0.00084415678372384
0.78,0.28125,0.000817207260684042
0.785,0.28125,0.000800823477755313
0.79,0.28125,0.00079490927335522
0.795,0.28125,0.000799368763448058
0.8,0.28125,0.00081410634554316
0.805,0.28125,0.000839026702583976
0.81,0.28125,0.000874034806731285
0.815,0.28125,0.000919035923043783
0.82,0.28125,0.000973935613059279
0.825,0.28125,0.0010386397382796
0.83,0.28125,0.00111305446356228
0.835,0.28125,0.00119708626042206
0.84,0.28125,0.00129064191024494
0.845,0.28125,0.00139362850741786
0.85,0.28125,0.00150595346237659
0.855,0.28125,0.00162752450457452
0.86,0.28125,0.0017582496853751
0.865,0.28125,0.00189803738087027
0.87,0.28125,0.00204679629462757
0.875,0.28125,0.00220443546036805
0.88,0.28125,0.00237086424457758
0.885,0.28125,0.00254599234905355
0.89,0.28125,0.00272972981338938
0.895,0.28125,0.00292198701739865
0.9,0.28125,0.0031226746834812
0.7,0.2875,0.00264880552867617
0.705,0.2875,0.00244352778308905
0.71,0.2875,0.00225029603385742
0.715,0.2875,0.00206901154002212
0.72,0.2875,0.00189957575554493
0.725,0.2875,0.00174189033518072
0.73,0.2875,0.00159585714018681
0.735,0.2875,0.00146137824387411
0.74,0.2875,0.0013383559370041
0.745,0.2875,0.00122669273303593
0.75,0.2875,0.00112629137322774
0.755,0.2875,0.00103705483159634
0.76,0.2875,0.000958886319739187
0.765,0.2875,0.000891689291522699
0.77,0.2875,0.000835367447640728
0.775,0.2875,0.000789824740047062
0.78,0.2875,0.000754965376265709
0.785,0.2875,0.000730693823582637
0.79,0.2875,0.000716914813122618
0.795,0.2875,0.000713533343814704
0.8,0.2875,0.000720454686249819
0.805,0.2875,0.000737584386433892
0.81,0.2875,0.000764828269439848
0.815,0.2875,0.000802092442961689
0.82,0.2875,0.000849283300773931
0.825,0.2875,0.000906307526099395
0.83,0.2875,0.000973072094888501
0.835,0.2875,0.00104948427901293
0.84,0.2875,0.00113545164937659
0.845,0.2875,0.00123088207894667
0.85,0.2875,0.00133568374570755
0.855,0.2875,0.00144976513554016
0.86,0.2875,0.00157303504502939
0.865,0.2875,0.00170540258420214
0.87,0.2875,0.00184677717919833
0.875,0.2875,0.00199706857487716
0.88,0.2875,0.00215618683736124
0.885,0.2875,0.00232404235652032
0.89,0.2875,0.00250054584839715
0.895,0.2875,0.0026856083575773
0.9,0.2875,0.0028791412595051
0.7,0.29375,0.00272831021690827
0.705,0.29375,0.00251485522271491
0.71,0.29375,0.00231345290151214
0.715,0.29375,0.00212400554058237
0.72,0.29375,0.00194641561521194
0.725,0.29375,0.00178058579434831
0.73,0.29375,0.00162641894609923
0.735,0.29375,0.00148381814307843
0.74,0.29375,0.00135268666760166
0.745,0.29375,0.00123292801673783
0.75,0.29375,0.00112444590721893
0.755,0.29375,0.00102714428021306
0.76,0.29375,0.000940927305964653
0.765,0.29375,0.000865699388305601
0.77,0.29375,0.000801365169041453
0.775,0.29375,0.000747829532216329
0.78,0.29375,0.000704997608260403
0.785,0.29375,0.000672774778023601
0.79,0.29375,0.000651066676699149
0.795,0.29375,0.000639779197640513
0.8,0.29375,0.00063881849607519
0.805,0.29375,0.00064809099271876
0.81,0.29375,0.000667503377292521
0.815,0.29375,0.000696962611947925
0.82,0.29375,0.000736375934601027
0.825,0.29375,0.000785650862179989
0.83,0.29375,0.000844695193788712
0.835,0.29375,0.000913417013789465
0.84,0.29375,0.000991724694807443
0.845,0.29375,0.00107952690065996
0.85,0.29375,0.00117673258921308
0.855,0.29375,0.00128325101516819
0.86,0.29375,0.00139899173278121
0.865,0.29375,0.00152386459851674
0.87,0.29375,0.00165777977363979
0.875,0.29375,0.00180064772674707
0.88,0.29375,0.00195237923624048
0.885,0.29375,0.00211288539274462
0.89,0.29375,0.00228207760147069
0.895,0.29375,0.0024598675845286
0.9,0.29375,0.00264616738318941
0.7,0.3,0.00282103933087848
0.705,0.3,0.00259935902506828
0.71,0.3,0.00238973711095827
0.715,0.3,0.0021920769133401
0.72,0.3,0.00200628193823764
0.725,0.3,0.0018322558783469
0.73,0.3,0.0016699026183225
0.735,0.3,0.00151912623991529
0.74,0.3,0.00137983102696506
0.745,0.3,0.00125192147025288
0.75,0.3,0.00113530227221706
0.755,0.3,0.00102987835153688
0.76,0.3,0.000935554847588075
0.765,0.3,0.000852237124774206
0.77,0.3,0.000779830776737582
0.775,0.3,0.000718241630453761
0.78,0.3,0.000667375750213296
0.785,0.3,0.000627139441494427
0.79,0.3,0.000597439254730344
0.795,0.3,0.000578181988974553
0.8,0.3,0.000569274695467809
0.805,0.3,0.000570624681110002
0.81,0.3,0.000582139511840306
0.815,0.3,0.000603727015928823
0.82,0.3,0.000635295287182889
0.825,0.3,0.00067675268807107
0.83,0.3,0.000728007852767925
0.835,0.3,0.000788969690122374
0.84,0.3,0.000859547386552563
0.845,0.3,0.000939650408869958
0.85,0.3,0.00102918850703537
0.855,0.3,0.00112807171684947
0.86,0.3,0.00123621036258043
0.865,0.3,0.00135351505953094
0.87,0.3,0.00147989671654719
0.875,0.3,0.00161526653847193
0.88,0.3,0.00175953602854398
0.885,0.3,0.00191261699074615
0.89,0.3,0.00207442153210375
0.895,0.3,0.00224486206493577
0.9,0.3,0.00242385130906034
0.7,0.30625,0.00292703951169971
0.705,0.30625,0.00269708739276756
0.71,0.30625,0.00247919841374452
0.715,0.30625,0.00227327694592214
0.72,0.30625,0.00207922753520278
0.725,0.30625,0.00189695490731987
0.73,0.30625,0.00172636397290928
0.735,0.30625,0.0015673598324364
0.74,0.30625,0.00141984778098297
0.745,0.30625,0.00128373331289815
0.75,0.30625,0.00115892212631777
0.755,0.30625,0.00104532012755612
0.76,0.30625,0.000942833435374156
0.765,0.30625,0.000851368385128086
0.77,0.30625,0.00077083153280242
0.775,0.30625,0.00070112965893114
0.78,0.30625,0.000642169772410823
0.785,0.30625,0.000593859114209423
0.79,0.30625,0.000556105160974267
0.795,0.30625,0.00052881562854288
0.8,0.30625,0.000511898475359991
0.805,0.30625,0.000505261905804226
0.81,0.30625,0.00050881437342765
0.815,0.30625,0.000522464584111516
0.82,0.30625,0.000546121499141237
0.825,0.30625,0.000579694338203741
0.83,0.30625,0.000623092582310133
0.835,0.30625,0.000676225976646579
0.84,0.30625,0.000739004533356236
0.845,0.30625,0.00081133853425496
0.85,0.30625,0.000893138533483462
0.855,0.30625,0.000984315360098466
0.86,0.30625,0.00108478012060541
0.865,0.30625,0.00119444420143506
0.87,0.30625,0.0013132192713664
0.875,0.30625,0.00144101728389807
0.88,0.30625,0.00157775047957057
0.885,0.30625,0.00172333138824115
0.89,0.30625,0.00187767283131376
0.895,0.30625,0.0020406879239256
0.9,0.30625,0.00221229007709256
0.7,0.3125,0.00304635522446415
0.705,0.3125,0.00280808636980813
0.71,0.3125,0.00258188442057409
0.715,0.3125,0.00236765480326095
0.72,0.3125,0.00216530311251211
0.725,0.3125,0.00197473511611371
0.73,0.3125,0.00179585675984863
0.735,0.3125,0.0016285741722106
0.74,0.3125,0.00147279366898271
0.745,0.3125,0.00132842175768464
0.75,0.3125,0.00119536514189276
0.755,0.3125,0.0010735307254373
0.76,0.3125,0.00096282561648056
0.765,0.3125,0.000863157131480147
0.77,0.3125,0.000774432799041302
0.775,0.3125,0.000696560363661948
0.78,0.3125,0.000629447789374395
0.785,0.3125,0.00057300326328728
0.79,0.3125,0.000527135199031428
0.795,0.3125,0.000491752240113117
0.8,0.3125,0.000466763263178223
0.805,0.3125,0.000452077381190615
0.81,0.3125,0.000447603946528094
0.815,0.3125,0.000453252553999087
0.82,0.3125,0.000468933043783209
0.825,0.3125,0.000494555504298775
0.83,0.3125,0.000530030275000195
0.835,0.3125,0.000575267949108154
0.84,0.3125,0.00063017937627538
0.845,0.3125,0.000694675665190695
0.85,0.3125,0.000768668186124039
0.855,0.3125,0.000852068573414942
0.86,0.3125,0.000944788727907027
0.865,0.3125,0.0010467408193308
0.87,0.3125,0.00115783728863721
0.875,0.3125,0.00127799085028403
0.88,0.3125,0.00140711449447737
0.885,0.3125,0.0015451214893703
0.89,0.3125,0.00169192538322062
0.895,0.3125,0.00184744000650967
0.9,0.3125,0.0020115794740241
0.7,0.31875,0.00317902873415357
0.705,0.31875,0.00293239981690987
0.71,0.31875,0.00269784057609851
0.715,0.31875,0.00247525750184391
0.72,0.31875,0.00226455724610835
0.725,0.31875,0.00206564662746614
0.73,0.31875,0.00187843263573785
0.735,0.31875,0.00170282243648919
0.74,0.31875,0.00153872337539876
0.745,0.31875,0.00138604298249912
0.75,0.31875,0.00124468897629511
0.755,0.31875,0.00111456926776394
0.76,0.31875,0.000995591964240724
0.765,0.31875,0.000887665373193841
0.77,0.31875,0.000790698005893698
0.775,0.31875,0.000704598580979036
0.78,0.31875,0.000629276027924331
0.785,0.31875,0.000564639490412122
0.79,0.31875,0.000510598329613802
0.795,0.31875,0.000467062127382458
0.8,0.31875,0.000433940689361134
0.805,0.31875,0.00041114404801
0.81,0.31875,0.000398582465555588
0.815,0.31875,0.000396166436865403
0.82,0.31875,0.000403806692250945
0.825,0.31875,0.000421414200202259
0.83,0.31875,0.000448900170056893
0.835,0.31875,0.000486176054606184
0.84,0.31875,0.000533153552641633
0.845,0.31875,0.000589744611444074
0.85,0.31875,0.000655861429218267
0.855,0.31875,0.000731416457475427
0.86,0.31875,0.000816322403366183
0.865,0.31875,0.000910492231966282
0.87,0.31875,0.00101383916851737
0.875,0.31875,0.00112627670062505
0.88,0.31875,0.00124771858041631
0.885,0.31875,0.00137807882665845
0.89,0.31875,0.00151727172684135
0.895,0.31875,0.00166521183922507
0.9,0.31875,0.00182181399485459
0.7,0.325,0.00332510008236536
0.705,0.325,0.00307006938766804
0.71,0.325,0.00282711013450207
0.715,0.325,0.00259612988474018
0.72,0.325,0.00237703635595069
0.725,0.325,0.00216973742594543
0.73,0.325,0.00197414113719194
0.735,0.325,0.00179015570109501
0.74,0.325,0.00161768950215131
0.745,0.325,0.00145665110198179
0.75,0.325,0.00130694924324598
0.755,0.325,0.0011684928534424
0.76,0.325,0.00104119104859898
0.765,0.325,0.000924953136857811
0.77,0.325,0.000819688621957865
0.775,0.325,0.000725307206619725
0.78,0.325,0.000641718795836041
0.785,0.325,0.0005688335000714
0.79,0.325,0.000506561638375267
0.795,0.325,0.000454813741411448
0.8,0.325,0.000413500554407635
0.805,0.325,0.000382533040028325
0.81,0.325,0.000361822381174384
0.815,0.325,0.000351279983712525
0.82,0.325,0.000350817479137734
0.825,0.325,0.000360346727171728
0.83,0.325,0.000379779818300358
0.835,0.325,0.000409029076252807
0.84,0.325,0.000448007060425389
0.845,0.325,0.000496626568252598
0.85,0.325,0.000554800637528026
0.855,0.325,0.000622442548677667
0.86,0.325,0.000699465826988026
0.865,0.325,0.000785784244791409
0.87,0.325,0.000881311823610623
0.875,0.325,0.000985962836265299
0.88,0.325,0.00109965180894192
0.885,0.325,0.0012222935232296
0.89,0.325,0.00135380301812351
0.895,0.325,0.00149409559199783
0.9,0.325,0.00164308680455008
0.7,0.33125,0.00348460706487168
0.705,0.33125,0.00322113450552516
0.71,0.33125,0.00296973413589491
0.715,0.33125,0.00273031459742372
0.72,0.33125,0.0025027846812765
0.725,0.33125,0.00228705333265975
0.73,0.33125,0.00208302965500991
0.735,0.33125,0.0018906229140551
0.74,0.33125,0.00170974254175448
0.745,0.33125,0.00154029814011977
0.75,0.33125,0.00138219948492312
0.755,0.33125,0.00123535652929533
0.76,0.33125,0.00109967940721884
0.765,0.33125,0.000975078436919236
0.77,0.33125,0.000861464124159369
0.775,0.33125,0.000758747165439909
0.78,0.33125,0.000666838451110132
0.785,0.33125,0.000585649068392621
0.79,0.33125,0.000515090304325524
0.795,0.33125,0.000455073648625907
0.8,0.33125,0.000405510796477605
0.805,0.33125,0.000366313651247022
0.81,0.33125,0.000337394327130064
0.815,0.33125,0.000318665151733474
0.82,0.33125,0.000310038668593615
0.825,0.33125,0.000311427639635781
0.83,0.33125,0.000322745047576898
0.835,0.33125,0.000343904098274538
0.84,0.33125,0.000374818223024926
0.845,0.33125,0.000415401080812671
0.85,0.33125,0.000465566560514786
0.855,0.33125,0.000525228783061479
0.86,0.33125,0.000594302103556171
0.865,0.33125,0.000672701113357
0.87,0.33125,0.000760340642122161
0.875,0.33125,0.000857135759821108
0.88,0.33125,0.000963001778713838
0.885,0.33125,0.00107785425530011
0.89,0.33125,0.00120160899224065
0.895,0.33125,0.00133418204025205
0.9,0.33125,0.0014754896999772
0.7,0.3375,0.00365758521002861
0.705,0.3375,0.00338563234158107
0.71,0.3375,0.00312575138353231
0.715,0.3375,0.00287785206441022
0.72,0.3375,0.00264184425666442
0.725,0.3375,0.00241763798075545
0.73,0.3375,0.00220514340911696
0.735,0.3375,0.00200427086999578
0.74,0.3375,0.00181493085117377
0.745,0.3375,0.00163703400357631
0.75,0.3375,0.00147049114477126
0.755,0.3375,0.00131521326236294
0.76,0.3375,0.00117111151728501
0.765,0.3375,0.00103809724699645
0.77,0.3375,0.000916081968584466
0.775,0.3375,0.000804977381778354
0.78,0.3375,0.000704695371877929
0.785,0.3375,0.00061514801260043
0.79,0.3375,0.000536247568849354
0.795,0.3375,0.000467906499408885
0.8,0.3375,0.000410037459567275
0.805,0.3375,0.00036255330367262
0.81,0.3375,0.000325367087624249
0.815,0.3375,0.000298392071302958
0.82,0.3375,0.000281541720943156
0.825,0.3375,0.000274729711449966
0.83,0.3375,0.000277869928664182
0.835,0.3375,0.000290876471577937
0.84,0.3375,0.000313663654503805
0.845,0.3375,0.000346146009200019
0.85,0.3375,0.000388238286954377
0.855,0.3375,0.00043985546062928
0.86,0.3375,0.000500912726670376
0.865,0.3375,0.000571325507081016
0.87,0.3375,0.000651009451364867
0.875,0.3375,0.000739880438438697
0.88,0.3375,0.0008378545785175
0.885,0.3375,0.000944848214973835
0.89,0.3375,0.00106077792617336
0.895,0.3375,0.00118556052728827
0.9,0.3375,0.00131911307209044
0.7,0.34375,0.00384406775805186
0.705,0.34375,0.0035635977932582
0.71,0.34375,0.00329519842187743
0.715,0.34375,0.00303878046672552
0.72,0.34375,0.00279425488891705
0.725,0.34375,0.00256153279172218
0.73,0.34375,0.00234052542430091
0.735,0.34375,0.00213114418531933
0.74,0.34375,0.00193330062645195
0.745,0.34375,0.00174690645577493
0.75,0.34375,0.00157187354105408
0.755,0.34375,0.00140811391293213
0.76,0.34375,0.00125553976801936
0.765,0.34375,0.00111406347189151
0.77,0.34375,0.000983597561999142
0.775,0.34375,0.000864054750492183
0.78,0.34375,0.000755347926963559
0.785,0.34375,0.000657390161115585
0.79,0.34375,0.000570094705352753
0.795,0.34375,0.000493374997304493
0.8,0.34375,0.000427144662281309
0.805,0.34375,0.000371317515667714
0.81,0.34375,0.000325807565255203
0.815,0.34375,0.000290529013518464
0.82,0.34375,0.000265396259837925
0.825,0.34375,0.000250323902671659
0.83,0.34375,0.000245226741679532
0.835,0.34375,0.000250019779802451
0.84,0.34375,0.000264618225299451
0.845,0.34375,0.000288937493745241
0.85,0.34375,0.000322893209990786
0.855,0.34375,0.000366401210089418
0.86,0.34375,0.000419377543190805
0.865,0.34375,0.000481738473405125
0.87,0.34375,0.000553400481639609
0.875,0.34375,0.00063428026740961
0.88,0.34375,0.000724294750626193
0.885,0.34375,0.00082336107336224
0.89,0.34375,0.000931396601598892
0.895,0.34375,0.00104831892695414
0.9,0.34375,0.00117404586839525
0.7,0.35,0.00404408564117466
0.705,0.35,0.00375506346383797
0.71,0.35,0.00347810951552404
0.715,0.35,0.00321313572022254
0.72,0.35,0.00296005413477995
0.725,0.35,0.00271877695252256
0.73,0.35,0.00248921650676092
0.735,0.35,0.00227128527418036
0.74,0.35,0.00206489587812182
0.745,0.35,0.00186996109175773
0.75,0.35,0.00168639384116692
0.755,0.35,0.00151410720831305
0.76,0.35,0.00135301443393064
0.765,0.35,0.00120302892032269
0.77,0.35,0.001064064234074
0.775,0.35,0.000936034108684086
0.78,0.35,0.000818852447123404
0.785,0.35,0.00071243332431672
0.79,0.35,0.000616690989557245
0.795,0.35,0.000531539868855035
0.8,0.35,0.000456894567223179
0.805,0.35,0.000392669870905125
0.81,0.35,0.000338780749546388
0.815,0.35,0.000295142358313909
0.82,0.35,0.000261670039966061
0.825,0.35,0.000238279326876396
0.83,0.35,0.000224885943013994
0.835,0.35,0.00022140580588325
0.84,0.35,0.000227755028425838
0.845,0.35,0.000243849920887474
0.85,0.35,0.000269606992652037
0.855,0.35,0.00030494295404552
0.86,0.35,0.000349774718112137
0.865,0.35,0.000404019402364916
0.87,0.35,0.000467594330512933
0.875,0.35,0.000540417034167304
0.88,0.35,0.000622405254527949
0.885,0.35,0.00071347694405305
0.89,0.35,0.000813550268113061
0.895,0.35,0.000922543606631018
0.9,0.35,0.00104037555571082
0.7,0.35625,0.00425766746470328
0.705,0.35625,0.0039600596428842
0.71,0.35625,0.00367451662899525
0.715,0.35625,0.00340095145476301
0.72,0.35625,0.00313927727951432
0.725,0.35625,0.00288940739356368
0.73,0.35625,0.00265125522148604
0.735,0.35625,0.00242473432527981
0.74,0.35625,0.00220975840742425
0.745,0.35625,0.00200624131383606
0.75,0.35625,0.00181409703672914
0.755,0.35625,0.00163323971738208
0.76,0.35625,0.00146358364881738
0.765,0.35625,0.00130504327839655
0.77,0.35625,0.00115753321033514
0.775,0.35625,0.00102096820814153
0.78,0.35625,0.000895263196983437
0.785,0.35625,0.000780333265985723
0.79,0.35625,0.000676093670463312
0.795,0.35625,0.000582459834092656
0.8,0.35625,0.000499347351025294
0.805,0.35625,0.000426671987946856
0.81,0.35625,0.00036434968608475
0.815,0.35625,0.000312296563167829
0.82,0.35625,0.000270428915341009
0.825,0.35625,0.000238663219037938
0.83,0.35625,0.000216916132814582
0.835,0.35625,0.00020510449914655
0.84,0.35625,0.000203145346192884
0.845,0.35625,0.00021095588952896
0.85,0.35625,0.000228453533851022
0.855,0.35625,0.00025555587465479
0.86,0.35625,0.000292180699890537
0.865,0.35625,0.00033824599159685
0.87,0.35625,0.000393669927515298
0.875,0.35625,0.000458370882688047
0.88,0.35625,0.000532267431040483
0.885,0.35625,0.000615278346950669
0.89,0.35625,0.000707322606807562
0.895,0.35625,0.000808319390559624
0.9,0.35625,0.00091818808325558
0.7,0.3625,0.00448483948898479
0.705,0.3625,0.0041786142875686
0.71,0.3625,0.00388444940743385
0.715,0.3625,0.00360225899428002
0.72,0.3625,0.00333195731633936
0.725,0.3625,0.00307345876752701
0.73,0.3625,0.00282667787048061
0.735,0.3625,0.00259152927949392
0.74,0.3625,0.00236792778334905
0.745,0.3625,0.00215578830805183
0.75,0.3625,0.00195502591947448
0.755,0.3625,0.00176555582591008
0.76,0.3625,0.00158729338054296
0.765,0.3625,0.00142015408383907
0.77,0.3625,0.00126405358586048
0.775,0.3625,0.00111890768850781
0.78,0.3625,0.000984632347694579
0.785,0.3625,0.000861143675457082
0.79,0.3625,0.000748357942003595
0.795,0.3625,0.000646191577706364
0.8,0.3625,0.000554561175039935
0.805,0.3625,0.000473383490469173
0.81,0.3625,0.000402575446290238
0.815,0.3625,0.00034205413242778
0.82,0.3625,0.000291736808191353
0.825,0.3625,0.000251540903994157
0.83,0.3625,0.000221384023036925
0.835,0.3625,0.000201183942959839
0.84,0.3625,0.000190858617465155
0.845,0.3625,0.000190326177913168
0.85,0.3625,0.000199504934894074
0.855,0.3625,0.000218313379778133
0.86,0.3625,0.000246670186246513
0.865,0.3625,0.000284494211805042
0.87,0.3625,0.000331704499283054
0.875,0.3625,0.000388220278319378
0.88,0.3625,0.000453960966837494
0.885,0.3625,0.000528846172511687
0.89,0.3625,0.000612795694226083
0.895,0.3625,0.000705729523528212
0.9,0.3625,0.000807567846078803
0.7,0.36875,0.00472562561230126
0.705,0.36875,0.00441075300491283
0.71,0.36875,0.00410793515819916
0.715,0.36875,0.00381708733773674
0.72,0.36875,0.00353812492676
0.725,0.36875,0.00327096342907277
0.73,0.36875,0.00301551847185289
0.735,0.36875,0.00277170580835505
0.74,0.36875,0.00253944132051604
0.745,0.36875,0.00231864102146702
0.75,0.36875,0.00210922105795736
0.755,0.36875,0.00191109771269409
0.76,0.36875,0.00172418740660147
0.765,0.36875,0.0015484067010045
0.77,0.36875,0.00138367229974081
0.775,0.36875,0.00122990105120443
0.78,0.36875,0.00108700995032578
0.785,0.36875,0.000954916140491218
0.79,0.36875,0.000833536915406114
0.795,0.36875,0.00072278972090493
0.8,0.36875,0.000622592156711749
0.805,0.36875,0.000532861978154742
0.81,0.36875,0.000453517097837765
0.815,0.36875,0.000384475587272382
0.82,0.36875,0.000325655678473332
0.825,0.36875,0.000276975765520501
0.83,0.36875,0.000238354406090276
0.835,0.36875,0.000209710322959133
0.84,0.36875,0.000190962405482109
0.845,0.36875,0.000182029711048878
0.85,0.36875,0.00018283146651985
0.855,0.36875,0.000193287069644817
0.86,0.36875,0.000213316090466424
0.865,0.36875,0.000242838272710745
0.87,0.36875,0.000281773535167101
0.875,0.36875,0.000330041973059179
0.88,0.36875,0.000387563859409439
0.885,0.36875,0.00045425964639867
0.89,0.36875,0.000530049966722496
0.895,0.36875,0.000614855634946535
0.9,0.36875,0.000708597648861827
0.7,0.375,0.00498004735470381
0.705,0.375,0.0046564990349611
0.71,0.375,0.0043449988333847
0.715,0.375,0.00404546314099593
0.72,0.375,0.00375780846179544
0.725,0.375,0.00348195141543443
0.73,0.375,0.00321780873978306
0.735,0.375,0.00296529729340075
0.74,0.375,0.00272433405791283
0.745,0.375,0.00249483614029822
0.75,0.375,0.0022767207750924
0.755,0.375,0.00206990532651016
0.76,0.375,0.00187430729049232
0.765,0.375,0.00168984429668049
0.77,0.375,0.00151643411032416
0.775,0.375,0.00135399463412381
0.78,0.375,0.00120244391001421
0.785,0.375,0.00106170012089142
0.79,0.375,0.000931681592287433
0.795,0.375,0.000812306793995867
0.8,0.375,0.000703494341652286
0.805,0.375,0.000605162998272565
0.81,0.375,0.000517231675752526
0.815,0.375,0.000439619436332156
0.82,0.375,0.000372245494027398
0.825,0.375,0.000315029216032636
0.83,0.375,0.00026789012409668
0.835,0.375,0.000230747895875168
0.84,0.375,0.000203522366262002
0.845,0.375,0.00018613352870253
0.85,0.375,0.000178501536490919
0.855,0.375,0.000180546704054209
0.86,0.375,0.00019218950822533
0.865,0.375,0.000213350589507365
0.87,0.375,0.000243950753331159
0.875,0.375,0.000283910971308368
0.88,0.375,0.000333152382481864
0.885,0.375,0.000391596294575404
0.89,0.375,0.00045916418524431
0.895,0.375,0.000535777703328859
0.9,0.375,0.000621358670111989
0.7,0.38125,0.00524812384279948
0.705,0.38125,0.00491587323489661
0.71,0.38125,0.00459566301327051
0.715,0.38125,0.00428741069961468
0.72,0.38125,0.00399103392412276
0.725,0.38125,0.0037064504279184
0.73,0.38125,0.0034335780653859
0.735,0.38125,0.00317233480640669
0.74,0.38125,0.00292263873850576
0.745,0.38125,0.00268440806891313
0.75,0.38125,0.00245756112654435
0.755,0.38125,0.00224201636390474
0.76,0.38125,0.0020376923589214
0.765,0.38125,0.00184450781670739
0.77,0.38125,0.00166238157126197
0.775,0.38125,0.00149123258711098
0.78,0.38125,0.00133097996089141
0.785,0.38125,0.00118154292288362
0.79,0.38125,0.00104284083849525
0.795,0.38125,0.000914793209700241
0.8,0.38125,0.000797319676436556
0.805,0.38125,0.000690340017965967
0.81,0.38125,0.000593774154199229
0.815,0.38125,0.000507542146989897
0.82,0.38125,0.000431564201399827
0.825,0.38125,0.000365760666939447
0.83,0.38125,0.000310052038785656
0.835,0.38125,0.000264358958980208
0.84,0.38125,0.000228602217611268
0.845,0.38125,0.000202702753980792
0.85,0.38125,0.000186581657760211
0.855,0.38125,0.000180160170136884
0.86,0.38125,0.000183359684953629
0.865,0.38125,0.00019610174984355
0.87,0.38125,0.000218308067362333
0.875,0.38125,0.000249900496120015
0.88,0.38125,0.000290801051914202
0.885,0.38125,0.000340931908866575
0.89,0.38125,0.000400215400564473
0.895,0.38125,0.00046857402120918
0.9,0.38125,0.000545930426772581
0.7,0.3875,0.00552987179550306
0.705,0.3875,0.00518889406411453
0.71,0.3875,0.00485994789072319
0.715,0.3875,0.00454295193257757
0.72,0.3875,0.00423782495114983
0.725,0.3875,0.00394448581432304
0.73,0.3875,0.00366285349848289
0.735,0.3875,0.00339284709051889
0.74,0.3875,0.00313438578973927
0.745,0.3875,0.00288738890970464
0.75,0.3875,0.0026517758799845
0.755,0.3875,0.00242746624784123
0.76,0.3875,0.00221437967984578
0.765,0.3875,0.00201243596342928
0.77,0.3875,0.00182155500837466
0.775,0.3875,0.00164165684825235
0.78,0.3875,0.00147266164180398
0.785,0.3875,0.00131448967427776
0.79,0.3875,0.0011670613587195
0.795,0.3875,0.00103029723722269
0.8,0.3875,0.000904117982141291
0.805,0.3875,0.000788444397268583
0.81,0.3875,0.000683197418985406
0.815,0.3875,0.000588298117381089
0.82,0.3875,0.000503667697350081
0.825,0.3875,0.000429227499667375
0.83,0.3875,0.000364899002045626
0.835,0.3875,0.000310603820176785
0.84,0.3875,0.000266263708760957
0.845,0.3875,0.000231800562525134
0.85,0.3875,0.000207136417234283
0.855,0.3875,0.000192193450697244
0.86,0.3875,0.000186893983769754
0.865,0.3875,0.000191160481356812
0.87,0.3875,0.000204915553416548
0.875,0.3875,0.000228081955967577
0.88,0.3875,0.000260582592101857
0.885,0.3875,0.000302340513004807
0.89,0.3875,0.000353278918984533
0.895,0.3875,0.000413321160511742
0.9,0.3875,0.000482390739271981
0.7,0.39375,0.0058253055107656
0.705,0.39375,0.00547557757026358
0.71,0.39375,0.00513787125655619
0.715,0.39375,0.00481210636698162
0.72,0.39375,0.00449820279903082
0.725,0.39375,0.00419608055229118
0.73,0.39375,0.00390565973029812
0.735,0.39375,0.00362686054229979
0.74,0.39375,0.00335960330493914
0.745,0.39375,0.0031038084438583
0.75,0.39375,0.00285939649522967
0.755,0.39375,0.00262628810721809
0.76,0.39375,0.00240440404137856
0.765,0.39375,0.0021936651739935
0.77,0.39375,0.0019939924973541
0.775,0.39375,0.00180530712098928
0.78,0.39375,0.00162753027284665
0.785,0.39375,0.00146058330042908
0.79,0.39375,0.00130438767189065
0.795,0.39375,0.00115886497709566
0.8,0.39375,0.00102393692864423
0.805,0.39375,0.000899525362867921
0.81,0.39375,0.000785552240798683
0.815,0.39375,0.000681939649114426
0.82,0.39375,0.000588609801064284
0.825,0.39375,0.000505485037376654
0.83,0.39375,0.000432487827152877
0.835,0.39375,0.000369540768749457
0.84,0.39375,0.000316566590651471
0.845,0.39375,0.000273488152339861
0.85,0.39375,0.000240228445155065
0.855,0.39375,0.00021671059315947
0.86,0.39375,0.000202857854000963
0.865,0.39375,0.000198593619779843
0.87,0.39375,0.000203841417921182
0.875,0.39375,0.000218524912054719
0.88,0.39375,0.000242567902904157
0.885,0.39375,0.000275894329187766
0.89,0.39375,0.000318428268531989
0.895,0.39375,0.00037009393839975
0.9,0.39375,0.000430815697034963
0.7,0.4,0.00613443685329038
0.705,0.4,0.00577593737626752
0.71,0.4,0.00542944848586218
0.715,0.4,0.00509489112368498
0.72,0.4,0.00477218632763705
0.725,0.4,0.00446125523360903
0.73,0.4,0.00416201907709153
0.735,0.4,0.00387439919470221
0.74,0.4,0.00359831702563373
0.745,0.4,0.00333369411302772
0.75,0.4,0.00308045210527888
0.755,0.4,0.00283851275727399
0.76,0.4,0.00260779793156997
0.765,0.4,0.00238822959951543
0.77,0.4,0.00217972984231971
0.775,0.4,0.00198222085207355
0.78,0.4,0.00179562493272542
0.785,0.4,0.00161986450101724
0.79,0.4,0.00145486208738334
0.795,0.4,0.00130054033681628
0.8,0.4,0.00115682200970312
0.805,0.4,0.00102362998263558
0.81,0.4,0.000900887249197382
0.815,0.4,0.000788516920732132
0.82,0.4,0.000686442227094764
0.825,0.4,0.000594586517389704
0.83,0.4,0.000512873260698568
0.835,0.4,0.000441226046800329
0.84,0.4,0.000379568586886618
0.845,0.4,0.000327824714274823
0.85,0.4,0.000285918385121481
0.855,0.4,0.000253773679138435
0.86,0.4,0.000231314800314003
0.865,0.4,0.000218466077641488
0.87,0.4,0.000215151965857042
0.875,0.4,0.000221297046189016
0.88,0.4,0.000236826027120638
0.885,0.4,0.00026166374516793
0.89,0.4,0.00029573516567453
0.895,0.4,0.000338965383625147
0.9,0.4,0.000391279624479113
0.7,0.40625,0.00645727524324663
0.705,0.40625,0.00608998466833741
0.71,0.40625,0.00573469252532866
0.715,0.40625,0.0053913209039312
0.72,0.40625,0.0050597919864953
0.725,0.40625,0.00474002804946421
0.73,0.40625,0.00443195146474252
0.735,0.40625,0.00413548470098458
0.74,0.40625,0.00385055032480734
0.745,0.40625,0.00357707100193251
0.75,0.40625,0.00331496949826259
0.755,0.40625,0.00306416868089522
0.76,0.40625,0.0028245915190803
0.765,0.40625,0.00259616108512406
0.77,0.40625,0.00237880055524438
0.775,0.40625,0.00217243321038147
0.78,0.40625,0.00197698243696766
0.785,0.40625,0.00179237172766057
0.79,0.40625,0.00161852468204308
0.795,0.40625,0.00145536500729401
0.8,0.40625,0.00130281651883295
0.805,0.40625,0.00116080314094284
0.81,0.40625,0.00102924890737347
0.815,0.40625,0.000908077961929405
0.82,0.40625,0.000797214559045252
0.825,0.40625,0.000696583064351528
0.83,0.40625,0.00060610795523388
0.835,0.40625,0.00052571382138867
0.84,0.40625,0.00045532536537753
0.845,0.40625,0.000394867403183617
0.85,0.40625,0.000344264864772025
0.855,0.40625,0.000303442794656844
0.86,0.40625,0.000272326352477135
0.865,0.40625,0.000250840813584101
0.87,0.40625,0.000238911569641532
0.875,0.40625,0.000236464129241595
0.88,0.40625,0.000243424118537847
0.885,0.40625,0.000259717281897365
0.89,0.40625,0.000285269482573653
0.895,0.40625,0.000320006703402043
0.9,0.40625,0.000363855047519071
0.7,0.4125,0.00679382764599067
0.705,0.4125,0.00641772818498455
0.71,0.4125,0.00605361388154744
0.715,0.4125,0.00570140797696003
0.72,0.4125,0.00536103380170508
0.725,0.4125,0.00503241477667479
0.73,0.4125,0.00471547441429632
0.735,0.4125,0.00441013631958056
0.74,0.4125,0.00411632419109882
0.745,0.4125,0.00383396182189223
0.75,0.4125,0.00356297310031842
0.755,0.4125,0.00330328201084002
0.76,0.4125,0.0030548126347594
0.765,0.4125,0.00281748915090396
0.77,0.4125,0.00259123583626621
0.775,0.4125,0.00237597706660266
0.78,0.4125,0.00217163731699574
0.785,0.4125,0.00197814116238236
0.79,0.4125,0.00179541327805329
0.795,0.4125,0.00162337844012662
0.8,0.4125,0.00146196152599928
0.805,0.4125,0.00131108751477991
0.81,0.4125,0.00117068148770644
0.815,0.4125,0.00104066862855185
0.82,0.4125,0.000920974224020933
0.825,0.4125,0.000811523664141584
0.83,0.4125,0.000712242442653097
0.835,0.4125,0.000623056157394695
0.84,0.4125,0.000543890510696808
0.845,0.4125,0.000474671309777864
0.85,0.4125,0.00041532446714907
0.855,0.4125,0.000365776001029636
0.86,0.4125,0.000325952035774767
0.865,0.4125,0.000295778802318672
0.87,0.4125,0.000275182638634678
0.875,0.4125,0.000264089990214512
0.88,0.4125,0.000262427410568666
0.885,0.4125,0.000270121561749665
0.89,0.4125,0.000287099214899986
0.895,0.4125,0.000313287250826246
0.9,0.4125,0.000348612660601232
0.7,0.41875,0.007144098562803
0.705,0.41875,0.00675917420704337
0.71,0.41875,0.00638622061032763
0.715,0.41875,0.00602516216861499
0.72,0.41875,0.00567592336384547
0.725,0.41875,0.0053384287649005
0.73,0.41875,0.00501260302848477
0.735,0.41875,0.0046983708999347
0.74,0.41875,0.00439565721395802
0.745,0.41875,0.00410438689530947
0.75,0.41875,0.00382448495940702
0.755,0.41875,0.00355587651289341
0.76,0.41875,0.0032984867541473
0.765,0.41875,0.0030522409737484
0.77,0.41875,0.00281706455490088
0.775,0.41875,0.00259288297381914
0.78,0.41875,0.00237962180008006
0.785,0.41875,0.00217720669694554
0.79,0.41875,0.00198556342165929
0.795,0.41875,0.00180461782572148
0.8,0.41875,0.00163429585514495
0.805,0.41875,0.00147452355069642
0.81,0.41875,0.00132522704812614
0.815,0.41875,0.00118633257838925
0.82,0.41875,0.00105776646786203
0.825,0.41875,0.000939455138556158
0.83,0.41875,0.0008313251083339
0.835,0.41875,0.000733302991127093
0.84,0.41875,0.000645315497162713
0.845,0.41875,0.000567289433197665
0.85,0.41875,0.000499151702765319
0.855,0.41875,0.000440829306436259
0.86,0.41875,0.000392249342095561
0.865,0.41875,0.000353339005238862
0.87,0.41875,0.000324025589289297
0.875,0.41875,0.000304236485937407
0.88,0.41875,0.000293899185505873
0.885,0.41875,0.000292941277340963
0.89,0.41875,0.000301290450232381
0.895,0.41875,0.000318874492863178
0.9,0.41875,0.000345621294291257
0.7,0.425,0.00750809002264991
0.705,0.425,0.00711432654871324
0.71,0.425,0.00673251830702147
0.715,0.425,0.00636259085095747
0.72,0.425,0.006004469816882
0.725,0.425,0.00565808092484685
0.73,0.425,0.00532334997923265
0.735,0.425,0.0050002028693162
0.74,0.425,0.00468856556977226
0.745,0.425,0.00438836414111458
0.75,0.425,0.00409952473008089
0.755,0.425,0.00382197356996626
0.76,0.425,0.00355563698090963
0.765,0.425,0.00330044137013754
0.77,0.425,0.00305631323216959
0.775,0.425,0.00282317914898966
0.78,0.425,0.00260096579018706
0.785,0.425,0.00238959991307145
0.79,0.425,0.00218900836276548
0.795,0.425,0.00199911807227884
0.8,0.425,0.00181985606256736
0.805,0.425,0.00165114944258076
0.81,0.425,0.00149292540930229
0.815,0.425,0.0013451112477838
0.82,0.425,0.00120763433117926
0.825,0.425,0.00108042212077987
0.83,0.425,0.000963402166053837
0.835,0.425,0.000856502104693541
0.84,0.425,0.000759649662672971
0.845,0.425,0.000672772654318064
0.85,0.425,0.000595798982392456
0.855,0.425,0.00052865663820119
0.86,0.425,0.000471273701714602
0.865,0.425,0.000423578341714744
0.87,0.425,0.000385498815966381
0.875,0.425,0.000356963471414674
0.88,0.425,0.000337900744411405
0.885,0.425,0.000328239160971663
0.89,0.425,0.000327907337062615
0.895,0.425,0.000336833978926114
0.9,0.425,0.000354947883436565
0.7,0.43125,0.00788580157497657
0.705,0.43125,0.00748318654962663
0.71,0.43125,0.00709251009787117
0.715,0.43125,0.00671369893289609
0.72,0.43125,0.00634667984808243
0.725,0.43125,0.00599137971747188
0.73,0.43125,0.00564772549615984
0.735,0.43125,0.00531564422062126
0.74,0.43125,0.00499506300897381
0.745,0.43125,0.00468590906118372
0.75,0.43125,0.00438810965921839
0.755,0.43125,0.00410159216715094
0.76,0.43125,0.00382628403122092
0.765,0.43125,0.00356211277985561
0.77,0.43125,0.00330900602365631
0.775,0.43125,0.00306689145535374
0.78,0.43125,0.00283569684973673
0.785,0.43125,0.00261535006355804
0.79,0.43125,0.00240577903542132
0.795,0.43125,0.00220691178565298
0.8,0.43125,0.00201867641616242
0.805,0.43125,0.00184100111029457
0.81,0.43125,0.00167381413267767
0.815,0.43125,0.00151704382907006
0.82,0.43125,0.00137061862620895
0.825,0.43125,0.00123446703166441
0.83,0.43125,0.00110851763370139
0.835,0.43125,0.000992699101152956
0.84,0.43125,0.000886940183307217
0.845,0.43125,0.000791169709810854
0.85,0.43125,0.00070531659059164
0.855,0.43125,0.000629309815802568
0.86,0.43125,0.00056307845578978
0.865,0.43125,0.000506551661086694
0.87,0.43125,0.000459658662436344
0.875,0.43125,0.000422328770844078
0.88,0.43125,0.000394491377662451
0.885,0.43125,0.000376075954710243
0.89,0.43125,0.000367012054427252
0.895,0.43125,0.000367229310066562
0.9,0.43125,0.000376657435925762
0.7,0.4375,0.00827723028353867
0.705,0.4375,0.00786575306795127
0.71,0.4375,0.00746619663238483
0.715,0.4375,0.00707848885183971
0.72,0.4375,0.00670255767895076
0.725,0.4375,0.00633833114420489
0.73,0.4375,0.00598573735608911
0.735,0.4375,0.0056447045011743
0.74,0.4375,0.00531516084413946
0.745,0.4375,0.00499703472774139
0.75,0.4375,0.00469025457273457
0.755,0.4375,0.00439474887774581
0.76,0.4375,0.00411044621910835
0.765,0.4375,0.00383727525065974
0.77,0.4375,0.00357516470350783
0.775,0.4375,0.00332404338576922
0.78,0.4375,0.00308384018228419
0.785,0.4375,0.00285448405431207
0.79,0.4375,0.00263590403921118
0.795,0.4375,0.00242802925010683
0.8,0.4375,0.00223078887555126
0.805,0.4375,0.00204411217917912
0.81,0.4375,0.00186792849936173
0.815,0.4375,0.00170216724886373
0.82,0.4375,0.00154675791450515
0.825,0.4375,0.00140163005683223
0.83,0.4375,0.0012667133097997
0.835,0.4375,0.00114193738046785
0.84,0.4375,0.00102723204871678
0.845,0.4375,0.000922527166980741
0.85,0.4375,0.000827752660005134
0.855,0.4375,0.000742838524628552
0.86,0.4375,0.00066771482959228
0.865,0.4375,0.000602311715379536
0.87,0.4375,0.000546559394086522
0.875,0.4375,0.000500388149327424
0.88,0.4375,0.00046372833617522
0.885,0.4375,0.000436510381140213
0.89,0.4375,0.000418664782187948
0.895,0.4375,0.00041012210879822
0.9,0.4375,0.000410813002066663
0.7,0.44375,0.00868237072127822
0.705,0.44375,0.0082620224745324
0.71,0.44375,0.00785357607674794
0.715,0.44375,0.00745696056638141
0.72,0.44375,0.00707210505718691
0.725,0.44375,0.00669893873818557
0.73,0.44375,0.0063373908735684
0.735,0.44375,0.00598739080253765
0.74,0.44375,0.00564886793909164
0.745,0.44375,0.00532175177175793
0.75,0.44375,0.00500597186327967
0.755,0.44375,0.00470145785025982
0.76,0.44375,0.00440813944276778
0.765,0.44375,0.0041259464239129
0.77,0.44375,0.00385480864938937
0.775,0.44375,0.00359465604699647
0.78,0.44375,0.00334541861613868
0.785,0.44375,0.00310702642730942
0.79,0.44375,0.00287940962156245
0.795,0.44375,0.00266249840997479
0.8,0.44375,0.00245622307310473
0.805,0.44375,0.00226051396044875
0.81,0.44375,0.00207530148990052
0.815,0.44375,0.0019005161472157
0.82,0.44375,0.00173608848548549
0.825,0.44375,0.0015819491246223
0.83,0.44375,0.00143802875086038
0.835,0.44375,0.00130425811627463
0.84,0.44375,0.00118056803831994
0.845,0.44375,0.00106688939939431
0.85,0.44375,0.000963153146427836
0.855,0.44375,0.000869290290500458
0.86,0.44375,0.000785231906490514
0.865,0.44375,0.000710909132756619
0.87,0.44375,0.000646253170854863
0.875,0.44375,0.000591195285293481
0.88,0.44375,0.000545666803326878
0.885,0.44375,0.000509599114790918
0.89,0.44375,0.000482923671981158
0.895,0.44375,0.000465571989575717
0.9,0.44375,0.000457475644604296
0.7,0.45,0.00910121496624898
0.705,0.45,0.00867198864808108
0.71,0.45,0.00825464410827713
0.715,0.45,0.00784911155002032
0.72,0.45,0.00745532124967963
0.725,0.45,0.00707320355653123
0.73,0.45,0.00670268889241596
0.735,0.45,0.0063437077513382
0.74,0.45,0.00599619069901083
0.745,0.45,0.00566006837235163
0.75,0.45,0.00533527147893558
0.755,0.45,0.00502173079640801
0.76,0.45,0.00471937717186316
0.765,0.45,0.00442814152119256
0.77,0.45,0.0041479548284078
0.775,0.45,0.00387874814494186
0.78,0.45,0.00362045258893324
0.785,0.45,0.00337299934449687
0.79,0.45,0.00313631966098591
0.795,0.45,0.00291034485224812
0.8,0.45,0.00269500629588065
0.805,0.45,0.00249023543248687
0.81,0.45,0.00229596376493856
0.815,0.45,0.00211212285764717
0.82,0.45,0.00193864433584714
0.825,0.45,0.00177545988489463
0.83,0.45,0.00162250124958457
0.835,0.45,0.00147970023348916
0.84,0.45,0.00134698869832046
0.845,0.45,0.00122429856331986
0.85,0.45,0.00111156180467715
0.855,0.45,0.00100871045498144
0.86,0.45,0.000915676602706561
0.865,0.45,0.00083239239173314
0.87,0.45,0.000758790020909418
0.875,0.45,0.000694801743653057
0.88,0.45,0.000640359867595755
0.885,0.45,0.000595396754272603
0.89,0.45,0.000559844818857875
0.895,0.45,0.000533636529948976
0.9,0.45,0.000516704409399989
